index,atc_code,level,weight
0,A01,2,1.0
1,A02,2,1.0
2,A03,2,1.0
3,A04,2,1.0
4,A05,2,1.0
5,A06,2,1.0
6,A07,2,1.0
7,A08,2,1.0
8,A09,2,1.0
9,A10,2,1.0
10,A11,2,1.0
11,A12,2,1.0
12,A13,2,1.0
13,A14,2,1.0
14,A15,2,1.0
15,A16,2,1.0
16,B01,2,1.0
17,B02,2,1.0
18,B03,2,1.0
19,B05,2,1.0
20,B06,2,1.0
21,C01,2,1.0
22,C02,2,1.0
23,C03,2,1.0
24,C04,2,1.0
25,C05,2,1.0
26,C07,2,1.0
27,C08,2,1.0
28,C09,2,1.0
29,C10,2,1.0
30,D01,2,1.0
31,D02,2,1.0
32,D03,2,1.0
33,D04,2,1.0
34,D05,2,1.0
35,D06,2,1.0
36,D07,2,1.0
37,D08,2,1.0
38,D09,2,1.0
39,D10,2,1.0
40,D11,2,1.0
41,G01,2,1.0
42,G02,2,1.0
43,G03,2,1.0
44,G04,2,1.0
45,H01,2,1.0
46,H02,2,1.0
47,H03,2,1.0
48,H04,2,1.0
49,H05,2,1.0
50,J01,2,1.0
51,J02,2,1.0
52,J04,2,1.0
53,J05,2,1.0
54,J06,2,1.0
55,J07,2,1.0
56,L01,2,1.0
57,L02,2,1.0
58,L03,2,1.0
59,L04,2,1.0
60,M01,2,1.0
61,M02,2,1.0
62,M03,2,1.0
63,M04,2,1.0
64,M05,2,1.0
65,M09,2,1.0
66,N01,2,1.0
67,N02,2,1.0
68,N03,2,1.0
69,N04,2,1.0
70,N05,2,1.0
71,N06,2,1.0
72,N07,2,1.0
73,P01,2,1.0
74,P02,2,1.0
75,P03,2,1.0
76,R01,2,1.0
77,R02,2,1.0
78,R03,2,1.0
79,R05,2,1.0
80,R06,2,1.0
81,R07,2,1.0
82,S01,2,1.0
83,S02,2,1.0
84,S03,2,1.0
85,V01,2,1.0
86,V03,2,1.0
87,V04,2,1.0
88,V06,2,1.0
89,V07,2,1.0
90,V08,2,1.0
91,V09,2,1.0
92,V10,2,1.0
93,V20,2,1.0
94,A01A,3,2.0
95,A02A,3,2.0
96,A02B,3,2.0
97,A02X,3,2.0
98,A03A,3,2.0
99,A03B,3,2.0
100,A03C,3,2.0
101,A03D,3,2.0
102,A03E,3,2.0
103,A03F,3,2.0
104,A04A,3,2.0
105,A05A,3,2.0
106,A05B,3,2.0
107,A05C,3,2.0
108,A06A,3,2.0
109,A07A,3,2.0
110,A07B,3,2.0
111,A07C,3,2.0
112,A07D,3,2.0
113,A07E,3,2.0
114,A07F,3,2.0
115,A07X,3,2.0
116,A08A,3,2.0
117,A09A,3,2.0
118,A10A,3,2.0
119,A10B,3,2.0
120,A10X,3,2.0
121,A11A,3,2.0
122,A11B,3,2.0
123,A11C,3,2.0
124,A11D,3,2.0
125,A11E,3,2.0
126,A11G,3,2.0
127,A11H,3,2.0
128,A11J,3,2.0
129,A12A,3,2.0
130,A12B,3,2.0
131,A12C,3,2.0
132,A13A,3,2.0
133,A14A,3,2.0
134,A14B,3,2.0
135,A16A,3,2.0
136,B01A,3,2.0
137,B02A,3,2.0
138,B02B,3,2.0
139,B03A,3,2.0
140,B03B,3,2.0
141,B03X,3,2.0
142,B05A,3,2.0
143,B05B,3,2.0
144,B05C,3,2.0
145,B05D,3,2.0
146,B05X,3,2.0
147,B05Z,3,2.0
148,B06A,3,2.0
149,C01A,3,2.0
150,C01B,3,2.0
151,C01C,3,2.0
152,C01D,3,2.0
153,C01E,3,2.0
154,C02A,3,2.0
155,C02B,3,2.0
156,C02C,3,2.0
157,C02D,3,2.0
158,C02K,3,2.0
159,C02L,3,2.0
160,C02N,3,2.0
161,C03A,3,2.0
162,C03B,3,2.0
163,C03C,3,2.0
164,C03D,3,2.0
165,C03E,3,2.0
166,C03X,3,2.0
167,C04A,3,2.0
168,C05A,3,2.0
169,C05B,3,2.0
170,C05C,3,2.0
171,C05X,3,2.0
172,C07A,3,2.0
173,C07B,3,2.0
174,C07C,3,2.0
175,C07D,3,2.0
176,C07E,3,2.0
177,C07F,3,2.0
178,C08C,3,2.0
179,C08D,3,2.0
180,C08E,3,2.0
181,C08G,3,2.0
182,C09A,3,2.0
183,C09B,3,2.0
184,C09C,3,2.0
185,C09D,3,2.0
186,C09X,3,2.0
187,C10A,3,2.0
188,C10B,3,2.0
189,D01A,3,2.0
190,D01B,3,2.0
191,D02A,3,2.0
192,D02B,3,2.0
193,D03A,3,2.0
194,D03B,3,2.0
195,D04A,3,2.0
196,D05A,3,2.0
197,D05B,3,2.0
198,D06A,3,2.0
199,D06B,3,2.0
200,D06C,3,2.0
201,D07A,3,2.0
202,D07B,3,2.0
203,D07C,3,2.0
204,D07X,3,2.0
205,D08A,3,2.0
206,D09A,3,2.0
207,D10A,3,2.0
208,D10B,3,2.0
209,D11A,3,2.0
210,G01A,3,2.0
211,G01B,3,2.0
212,G02A,3,2.0
213,G02B,3,2.0
214,G02C,3,2.0
215,G03A,3,2.0
216,G03B,3,2.0
217,G03C,3,2.0
218,G03D,3,2.0
219,G03E,3,2.0
220,G03F,3,2.0
221,G03G,3,2.0
222,G03H,3,2.0
223,G03X,3,2.0
224,G04B,3,2.0
225,G04C,3,2.0
226,H01A,3,2.0
227,H01B,3,2.0
228,H01C,3,2.0
229,H02A,3,2.0
230,H02B,3,2.0
231,H02C,3,2.0
232,H03A,3,2.0
233,H03B,3,2.0
234,H03C,3,2.0
235,H04A,3,2.0
236,H05A,3,2.0
237,H05B,3,2.0
238,J01A,3,2.0
239,J01B,3,2.0
240,J01C,3,2.0
241,J01D,3,2.0
242,J01E,3,2.0
243,J01F,3,2.0
244,J01G,3,2.0
245,J01M,3,2.0
246,J01R,3,2.0
247,J01X,3,2.0
248,J02A,3,2.0
249,J04A,3,2.0
250,J04B,3,2.0
251,J05A,3,2.0
252,J06A,3,2.0
253,J06B,3,2.0
254,J07A,3,2.0
255,J07B,3,2.0
256,J07C,3,2.0
257,J07X,3,2.0
258,L01A,3,2.0
259,L01B,3,2.0
260,L01C,3,2.0
261,L01D,3,2.0
262,L01E,3,2.0
263,L01F,3,2.0
264,L01X,3,2.0
265,L02A,3,2.0
266,L02B,3,2.0
267,L03A,3,2.0
268,L04A,3,2.0
269,M01A,3,2.0
270,M01B,3,2.0
271,M01C,3,2.0
272,M02A,3,2.0
273,M03A,3,2.0
274,M03B,3,2.0
275,M03C,3,2.0
276,M04A,3,2.0
277,M05B,3,2.0
278,M09A,3,2.0
279,N01A,3,2.0
280,N01B,3,2.0
281,N02A,3,2.0
282,N02B,3,2.0
283,N02C,3,2.0
284,N03A,3,2.0
285,N04A,3,2.0
286,N04B,3,2.0
287,N04C,3,2.0
288,N05A,3,2.0
289,N05B,3,2.0
290,N05C,3,2.0
291,N06A,3,2.0
292,N06B,3,2.0
293,N06C,3,2.0
294,N06D,3,2.0
295,N07A,3,2.0
296,N07B,3,2.0
297,N07C,3,2.0
298,N07X,3,2.0
299,P01A,3,2.0
300,P01B,3,2.0
301,P01C,3,2.0
302,P02B,3,2.0
303,P02C,3,2.0
304,P02D,3,2.0
305,P03A,3,2.0
306,P03B,3,2.0
307,R01A,3,2.0
308,R01B,3,2.0
309,R02A,3,2.0
310,R03A,3,2.0
311,R03B,3,2.0
312,R03C,3,2.0
313,R03D,3,2.0
314,R05C,3,2.0
315,R05D,3,2.0
316,R05F,3,2.0
317,R05X,3,2.0
318,R06A,3,2.0
319,R07A,3,2.0
320,S01A,3,2.0
321,S01B,3,2.0
322,S01C,3,2.0
323,S01E,3,2.0
324,S01F,3,2.0
325,S01G,3,2.0
326,S01H,3,2.0
327,S01J,3,2.0
328,S01K,3,2.0
329,S01L,3,2.0
330,S01X,3,2.0
331,S02A,3,2.0
332,S02B,3,2.0
333,S02C,3,2.0
334,S02D,3,2.0
335,S03A,3,2.0
336,S03B,3,2.0
337,S03C,3,2.0
338,S03D,3,2.0
339,V01A,3,2.0
340,V03A,3,2.0
341,V04B,3,2.0
342,V04C,3,2.0
343,V06A,3,2.0
344,V06B,3,2.0
345,V06C,3,2.0
346,V06D,3,2.0
347,V07A,3,2.0
348,V08A,3,2.0
349,V08B,3,2.0
350,V08C,3,2.0
351,V08D,3,2.0
352,V09A,3,2.0
353,V09B,3,2.0
354,V09C,3,2.0
355,V09D,3,2.0
356,V09E,3,2.0
357,V09F,3,2.0
358,V09G,3,2.0
359,V09H,3,2.0
360,V09I,3,2.0
361,V09X,3,2.0
362,V10A,3,2.0
363,V10B,3,2.0
364,V10X,3,2.0
365,A01AA,4,3.0
366,A01AB,4,3.0
367,A01AC,4,3.0
368,A01AD,4,3.0
369,A02AA,4,3.0
370,A02AB,4,3.0
371,A02AC,4,3.0
372,A02AD,4,3.0
373,A02AF,4,3.0
374,A02AG,4,3.0
375,A02AH,4,3.0
376,A02AX,4,3.0
377,A02BA,4,3.0
378,A02BB,4,3.0
379,A02BC,4,3.0
380,A02BD,4,3.0
381,A02BX,4,3.0
382,A03AA,4,3.0
383,A03AB,4,3.0
384,A03AC,4,3.0
385,A03AD,4,3.0
386,A03AE,4,3.0
387,A03AX,4,3.0
388,A03BA,4,3.0
389,A03BB,4,3.0
390,A03CA,4,3.0
391,A03CB,4,3.0
392,A03CC,4,3.0
393,A03DA,4,3.0
394,A03DB,4,3.0
395,A03DC,4,3.0
396,A03EA,4,3.0
397,A03ED,4,3.0
398,A03FA,4,3.0
399,A04AA,4,3.0
400,A04AD,4,3.0
401,A05AA,4,3.0
402,A05AB,4,3.0
403,A05AX,4,3.0
404,A05BA,4,3.0
405,A06AA,4,3.0
406,A06AB,4,3.0
407,A06AC,4,3.0
408,A06AD,4,3.0
409,A06AG,4,3.0
410,A06AH,4,3.0
411,A06AX,4,3.0
412,A07AA,4,3.0
413,A07AB,4,3.0
414,A07AC,4,3.0
415,A07AX,4,3.0
416,A07BA,4,3.0
417,A07BB,4,3.0
418,A07BC,4,3.0
419,A07CA,4,3.0
420,A07DA,4,3.0
421,A07EA,4,3.0
422,A07EB,4,3.0
423,A07EC,4,3.0
424,A07FA,4,3.0
425,A07XA,4,3.0
426,A08AA,4,3.0
427,A08AB,4,3.0
428,A08AX,4,3.0
429,A09AA,4,3.0
430,A09AB,4,3.0
431,A09AC,4,3.0
432,A10AB,4,3.0
433,A10AC,4,3.0
434,A10AD,4,3.0
435,A10AE,4,3.0
436,A10AF,4,3.0
437,A10BA,4,3.0
438,A10BB,4,3.0
439,A10BC,4,3.0
440,A10BD,4,3.0
441,A10BF,4,3.0
442,A10BG,4,3.0
443,A10BH,4,3.0
444,A10BJ,4,3.0
445,A10BK,4,3.0
446,A10BX,4,3.0
447,A10XA,4,3.0
448,A10XX,4,3.0
449,A11AA,4,3.0
450,A11AB,4,3.0
451,A11BA,4,3.0
452,A11CA,4,3.0
453,A11CB,4,3.0
454,A11CC,4,3.0
455,A11DA,4,3.0
456,A11DB,4,3.0
457,A11EA,4,3.0
458,A11EB,4,3.0
459,A11EC,4,3.0
460,A11ED,4,3.0
461,A11EX,4,3.0
462,A11GA,4,3.0
463,A11GB,4,3.0
464,A11HA,4,3.0
465,A11JA,4,3.0
466,A11JB,4,3.0
467,A11JC,4,3.0
468,A12AA,4,3.0
469,A12AX,4,3.0
470,A12BA,4,3.0
471,A12CA,4,3.0
472,A12CB,4,3.0
473,A12CC,4,3.0
474,A12CD,4,3.0
475,A12CE,4,3.0
476,A12CX,4,3.0
477,A14AA,4,3.0
478,A14AB,4,3.0
479,A16AA,4,3.0
480,A16AB,4,3.0
481,A16AX,4,3.0
482,B01AA,4,3.0
483,B01AB,4,3.0
484,B01AC,4,3.0
485,B01AD,4,3.0
486,B01AE,4,3.0
487,B01AF,4,3.0
488,B01AX,4,3.0
489,B02AA,4,3.0
490,B02AB,4,3.0
491,B02BA,4,3.0
492,B02BB,4,3.0
493,B02BC,4,3.0
494,B02BD,4,3.0
495,B02BX,4,3.0
496,B03AA,4,3.0
497,B03AB,4,3.0
498,B03AC,4,3.0
499,B03AD,4,3.0
500,B03AE,4,3.0
501,B03BA,4,3.0
502,B03BB,4,3.0
503,B03XA,4,3.0
504,B05AA,4,3.0
505,B05AX,4,3.0
506,B05BA,4,3.0
507,B05BB,4,3.0
508,B05BC,4,3.0
509,B05CA,4,3.0
510,B05CB,4,3.0
511,B05CX,4,3.0
512,B05DA,4,3.0
513,B05DB,4,3.0
514,B05XA,4,3.0
515,B05XB,4,3.0
516,B05XC,4,3.0
517,B05XX,4,3.0
518,B05ZA,4,3.0
519,B05ZB,4,3.0
520,B06AA,4,3.0
521,B06AB,4,3.0
522,B06AC,4,3.0
523,B06AX,4,3.0
524,C01AA,4,3.0
525,C01AB,4,3.0
526,C01AC,4,3.0
527,C01AX,4,3.0
528,C01BA,4,3.0
529,C01BB,4,3.0
530,C01BC,4,3.0
531,C01BD,4,3.0
532,C01BG,4,3.0
533,C01CA,4,3.0
534,C01CE,4,3.0
535,C01CX,4,3.0
536,C01DA,4,3.0
537,C01DB,4,3.0
538,C01DX,4,3.0
539,C01EA,4,3.0
540,C01EB,4,3.0
541,C01EX,4,3.0
542,C02AA,4,3.0
543,C02AB,4,3.0
544,C02AC,4,3.0
545,C02BA,4,3.0
546,C02BB,4,3.0
547,C02BC,4,3.0
548,C02CA,4,3.0
549,C02CC,4,3.0
550,C02DA,4,3.0
551,C02DB,4,3.0
552,C02DC,4,3.0
553,C02DD,4,3.0
554,C02DG,4,3.0
555,C02KA,4,3.0
556,C02KB,4,3.0
557,C02KC,4,3.0
558,C02KD,4,3.0
559,C02KN,4,3.0
560,C02KX,4,3.0
561,C02LA,4,3.0
562,C02LB,4,3.0
563,C02LC,4,3.0
564,C02LE,4,3.0
565,C02LF,4,3.0
566,C02LG,4,3.0
567,C02LK,4,3.0
568,C02LL,4,3.0
569,C02LN,4,3.0
570,C02LX,4,3.0
571,C03AA,4,3.0
572,C03AB,4,3.0
573,C03AH,4,3.0
574,C03AX,4,3.0
575,C03BA,4,3.0
576,C03BB,4,3.0
577,C03BC,4,3.0
578,C03BD,4,3.0
579,C03BK,4,3.0
580,C03BX,4,3.0
581,C03CA,4,3.0
582,C03CB,4,3.0
583,C03CC,4,3.0
584,C03CD,4,3.0
585,C03CX,4,3.0
586,C03DA,4,3.0
587,C03DB,4,3.0
588,C03EA,4,3.0
589,C03EB,4,3.0
590,C03XA,4,3.0
591,C04AA,4,3.0
592,C04AB,4,3.0
593,C04AC,4,3.0
594,C04AD,4,3.0
595,C04AE,4,3.0
596,C04AF,4,3.0
597,C04AX,4,3.0
598,C05AA,4,3.0
599,C05AB,4,3.0
600,C05AD,4,3.0
601,C05AE,4,3.0
602,C05AX,4,3.0
603,C05BA,4,3.0
604,C05BB,4,3.0
605,C05BX,4,3.0
606,C05CA,4,3.0
607,C05CX,4,3.0
608,C05XX,4,3.0
609,C07AA,4,3.0
610,C07AB,4,3.0
611,C07AG,4,3.0
612,C07BA,4,3.0
613,C07BB,4,3.0
614,C07BG,4,3.0
615,C07CA,4,3.0
616,C07CB,4,3.0
617,C07CG,4,3.0
618,C07DA,4,3.0
619,C07DB,4,3.0
620,C07EA,4,3.0
621,C07EB,4,3.0
622,C07FB,4,3.0
623,C07FX,4,3.0
624,C08CA,4,3.0
625,C08CX,4,3.0
626,C08DA,4,3.0
627,C08DB,4,3.0
628,C08EA,4,3.0
629,C08EX,4,3.0
630,C08GA,4,3.0
631,C09AA,4,3.0
632,C09BA,4,3.0
633,C09BB,4,3.0
634,C09BX,4,3.0
635,C09CA,4,3.0
636,C09DA,4,3.0
637,C09DB,4,3.0
638,C09DX,4,3.0
639,C09XA,4,3.0
640,C09XX,4,3.0
641,C10AA,4,3.0
642,C10AB,4,3.0
643,C10AC,4,3.0
644,C10AD,4,3.0
645,C10AX,4,3.0
646,C10BA,4,3.0
647,C10BX,4,3.0
648,D01AA,4,3.0
649,D01AC,4,3.0
650,D01AE,4,3.0
651,D01BA,4,3.0
652,D02AA,4,3.0
653,D02AB,4,3.0
654,D02AC,4,3.0
655,D02AD,4,3.0
656,D02AE,4,3.0
657,D02AF,4,3.0
658,D02AX,4,3.0
659,D02BA,4,3.0
660,D02BB,4,3.0
661,D03AA,4,3.0
662,D03AX,4,3.0
663,D03BA,4,3.0
664,D04AA,4,3.0
665,D04AB,4,3.0
666,D04AX,4,3.0
667,D05AA,4,3.0
668,D05AC,4,3.0
669,D05AD,4,3.0
670,D05AX,4,3.0
671,D05BA,4,3.0
672,D05BB,4,3.0
673,D05BX,4,3.0
674,D06AA,4,3.0
675,D06AX,4,3.0
676,D06BA,4,3.0
677,D06BB,4,3.0
678,D06BX,4,3.0
679,D07AA,4,3.0
680,D07AB,4,3.0
681,D07AC,4,3.0
682,D07AD,4,3.0
683,D07BA,4,3.0
684,D07BB,4,3.0
685,D07BC,4,3.0
686,D07BD,4,3.0
687,D07CA,4,3.0
688,D07CB,4,3.0
689,D07CC,4,3.0
690,D07CD,4,3.0
691,D07XA,4,3.0
692,D07XB,4,3.0
693,D07XC,4,3.0
694,D07XD,4,3.0
695,D08AA,4,3.0
696,D08AB,4,3.0
697,D08AC,4,3.0
698,D08AD,4,3.0
699,D08AE,4,3.0
700,D08AF,4,3.0
701,D08AG,4,3.0
702,D08AH,4,3.0
703,D08AJ,4,3.0
704,D08AK,4,3.0
705,D08AL,4,3.0
706,D08AX,4,3.0
707,D09AA,4,3.0
708,D09AB,4,3.0
709,D09AX,4,3.0
710,D10AA,4,3.0
711,D10AB,4,3.0
712,D10AD,4,3.0
713,D10AE,4,3.0
714,D10AF,4,3.0
715,D10AX,4,3.0
716,D10BA,4,3.0
717,D10BX,4,3.0
718,D11AA,4,3.0
719,D11AC,4,3.0
720,D11AE,4,3.0
721,D11AF,4,3.0
722,D11AH,4,3.0
723,D11AX,4,3.0
724,G01AA,4,3.0
725,G01AB,4,3.0
726,G01AC,4,3.0
727,G01AD,4,3.0
728,G01AE,4,3.0
729,G01AF,4,3.0
730,G01AG,4,3.0
731,G01AX,4,3.0
732,G01BA,4,3.0
733,G01BC,4,3.0
734,G01BD,4,3.0
735,G01BE,4,3.0
736,G01BF,4,3.0
737,G02AB,4,3.0
738,G02AC,4,3.0
739,G02AD,4,3.0
740,G02AX,4,3.0
741,G02BA,4,3.0
742,G02BB,4,3.0
743,G02CA,4,3.0
744,G02CB,4,3.0
745,G02CC,4,3.0
746,G02CX,4,3.0
747,G03AA,4,3.0
748,G03AB,4,3.0
749,G03AC,4,3.0
750,G03AD,4,3.0
751,G03BA,4,3.0
752,G03BB,4,3.0
753,G03CA,4,3.0
754,G03CB,4,3.0
755,G03CC,4,3.0
756,G03CX,4,3.0
757,G03DA,4,3.0
758,G03DB,4,3.0
759,G03DC,4,3.0
760,G03EA,4,3.0
761,G03EB,4,3.0
762,G03EK,4,3.0
763,G03FA,4,3.0
764,G03FB,4,3.0
765,G03GA,4,3.0
766,G03GB,4,3.0
767,G03HA,4,3.0
768,G03HB,4,3.0
769,G03XA,4,3.0
770,G03XB,4,3.0
771,G03XC,4,3.0
772,G03XX,4,3.0
773,G04BA,4,3.0
774,G04BC,4,3.0
775,G04BD,4,3.0
776,G04BE,4,3.0
777,G04BX,4,3.0
778,G04CA,4,3.0
779,G04CB,4,3.0
780,G04CX,4,3.0
781,H01AA,4,3.0
782,H01AB,4,3.0
783,H01AC,4,3.0
784,H01AX,4,3.0
785,H01BA,4,3.0
786,H01BB,4,3.0
787,H01CA,4,3.0
788,H01CB,4,3.0
789,H01CC,4,3.0
790,H02AA,4,3.0
791,H02AB,4,3.0
792,H02BX,4,3.0
793,H02CA,4,3.0
794,H03AA,4,3.0
795,H03BA,4,3.0
796,H03BB,4,3.0
797,H03BC,4,3.0
798,H03BX,4,3.0
799,H03CA,4,3.0
800,H04AA,4,3.0
801,H05AA,4,3.0
802,H05BA,4,3.0
803,H05BX,4,3.0
804,J01AA,4,3.0
805,J01BA,4,3.0
806,J01CA,4,3.0
807,J01CE,4,3.0
808,J01CF,4,3.0
809,J01CG,4,3.0
810,J01CR,4,3.0
811,J01DB,4,3.0
812,J01DC,4,3.0
813,J01DD,4,3.0
814,J01DE,4,3.0
815,J01DF,4,3.0
816,J01DH,4,3.0
817,J01DI,4,3.0
818,J01EA,4,3.0
819,J01EB,4,3.0
820,J01EC,4,3.0
821,J01ED,4,3.0
822,J01EE,4,3.0
823,J01FA,4,3.0
824,J01FF,4,3.0
825,J01FG,4,3.0
826,J01GA,4,3.0
827,J01GB,4,3.0
828,J01MA,4,3.0
829,J01MB,4,3.0
830,J01RA,4,3.0
831,J01XA,4,3.0
832,J01XB,4,3.0
833,J01XC,4,3.0
834,J01XD,4,3.0
835,J01XE,4,3.0
836,J01XX,4,3.0
837,J02AA,4,3.0
838,J02AB,4,3.0
839,J02AC,4,3.0
840,J02AX,4,3.0
841,J04AA,4,3.0
842,J04AB,4,3.0
843,J04AC,4,3.0
844,J04AD,4,3.0
845,J04AK,4,3.0
846,J04AM,4,3.0
847,J04BA,4,3.0
848,J05AA,4,3.0
849,J05AB,4,3.0
850,J05AC,4,3.0
851,J05AD,4,3.0
852,J05AE,4,3.0
853,J05AF,4,3.0
854,J05AG,4,3.0
855,J05AH,4,3.0
856,J05AJ,4,3.0
857,J05AP,4,3.0
858,J05AR,4,3.0
859,J05AX,4,3.0
860,J06AA,4,3.0
861,J06BA,4,3.0
862,J06BB,4,3.0
863,J06BC,4,3.0
864,J06BD,4,3.0
865,J07AC,4,3.0
866,J07AD,4,3.0
867,J07AE,4,3.0
868,J07AF,4,3.0
869,J07AG,4,3.0
870,J07AH,4,3.0
871,J07AJ,4,3.0
872,J07AK,4,3.0
873,J07AL,4,3.0
874,J07AM,4,3.0
875,J07AN,4,3.0
876,J07AP,4,3.0
877,J07AR,4,3.0
878,J07AX,4,3.0
879,J07BA,4,3.0
880,J07BB,4,3.0
881,J07BC,4,3.0
882,J07BD,4,3.0
883,J07BE,4,3.0
884,J07BF,4,3.0
885,J07BG,4,3.0
886,J07BH,4,3.0
887,J07BJ,4,3.0
888,J07BK,4,3.0
889,J07BL,4,3.0
890,J07BM,4,3.0
891,J07BN,4,3.0
892,J07BP,4,3.0
893,J07BX,4,3.0
894,J07CA,4,3.0
895,J07XA,4,3.0
896,L01AA,4,3.0
897,L01AB,4,3.0
898,L01AC,4,3.0
899,L01AD,4,3.0
900,L01AG,4,3.0
901,L01AX,4,3.0
902,L01BA,4,3.0
903,L01BB,4,3.0
904,L01BC,4,3.0
905,L01CA,4,3.0
906,L01CB,4,3.0
907,L01CC,4,3.0
908,L01CD,4,3.0
909,L01CE,4,3.0
910,L01CX,4,3.0
911,L01DA,4,3.0
912,L01DB,4,3.0
913,L01DC,4,3.0
914,L01EA,4,3.0
915,L01EB,4,3.0
916,L01EC,4,3.0
917,L01ED,4,3.0
918,L01EE,4,3.0
919,L01EF,4,3.0
920,L01EG,4,3.0
921,L01EH,4,3.0
922,L01EJ,4,3.0
923,L01EK,4,3.0
924,L01EL,4,3.0
925,L01EM,4,3.0
926,L01EN,4,3.0
927,L01EP,4,3.0
928,L01EX,4,3.0
929,L01FA,4,3.0
930,L01FB,4,3.0
931,L01FC,4,3.0
932,L01FD,4,3.0
933,L01FE,4,3.0
934,L01FF,4,3.0
935,L01FG,4,3.0
936,L01FX,4,3.0
937,L01FY,4,3.0
938,L01XA,4,3.0
939,L01XB,4,3.0
940,L01XD,4,3.0
941,L01XF,4,3.0
942,L01XG,4,3.0
943,L01XH,4,3.0
944,L01XJ,4,3.0
945,L01XK,4,3.0
946,L01XL,4,3.0
947,L01XM,4,3.0
948,L01XU,4,3.0
949,L01XX,4,3.0
950,L01XY,4,3.0
951,L02AA,4,3.0
952,L02AB,4,3.0
953,L02AE,4,3.0
954,L02AX,4,3.0
955,L02BA,4,3.0
956,L02BB,4,3.0
957,L02BG,4,3.0
958,L02BX,4,3.0
959,L03AA,4,3.0
960,L03AB,4,3.0
961,L03AC,4,3.0
962,L03AX,4,3.0
963,L04AA,4,3.0
964,L04AB,4,3.0
965,L04AC,4,3.0
966,L04AD,4,3.0
967,L04AE,4,3.0
968,L04AF,4,3.0
969,L04AG,4,3.0
970,L04AH,4,3.0
971,L04AJ,4,3.0
972,L04AK,4,3.0
973,L04AL,4,3.0
974,L04AX,4,3.0
975,M01AA,4,3.0
976,M01AB,4,3.0
977,M01AC,4,3.0
978,M01AE,4,3.0
979,M01AG,4,3.0
980,M01AH,4,3.0
981,M01AX,4,3.0
982,M01BA,4,3.0
983,M01BX,4,3.0
984,M01CA,4,3.0
985,M01CB,4,3.0
986,M01CC,4,3.0
987,M01CX,4,3.0
988,M02AA,4,3.0
989,M02AB,4,3.0
990,M02AC,4,3.0
991,M02AX,4,3.0
992,M03AA,4,3.0
993,M03AB,4,3.0
994,M03AC,4,3.0
995,M03AX,4,3.0
996,M03BA,4,3.0
997,M03BB,4,3.0
998,M03BC,4,3.0
999,M03BX,4,3.0
1000,M03CA,4,3.0
1001,M04AA,4,3.0
1002,M04AB,4,3.0
1003,M04AC,4,3.0
1004,M04AX,4,3.0
1005,M05BA,4,3.0
1006,M05BB,4,3.0
1007,M05BC,4,3.0
1008,M05BX,4,3.0
1009,M09AA,4,3.0
1010,M09AB,4,3.0
1011,M09AX,4,3.0
1012,N01AA,4,3.0
1013,N01AB,4,3.0
1014,N01AF,4,3.0
1015,N01AG,4,3.0
1016,N01AH,4,3.0
1017,N01AX,4,3.0
1018,N01BA,4,3.0
1019,N01BB,4,3.0
1020,N01BC,4,3.0
1021,N01BX,4,3.0
1022,N02AA,4,3.0
1023,N02AB,4,3.0
1024,N02AC,4,3.0
1025,N02AD,4,3.0
1026,N02AE,4,3.0
1027,N02AF,4,3.0
1028,N02AG,4,3.0
1029,N02AJ,4,3.0
1030,N02AX,4,3.0
1031,N02BA,4,3.0
1032,N02BB,4,3.0
1033,N02BE,4,3.0
1034,N02BF,4,3.0
1035,N02BG,4,3.0
1036,N02CA,4,3.0
1037,N02CB,4,3.0
1038,N02CC,4,3.0
1039,N02CD,4,3.0
1040,N02CX,4,3.0
1041,N03AA,4,3.0
1042,N03AB,4,3.0
1043,N03AC,4,3.0
1044,N03AD,4,3.0
1045,N03AE,4,3.0
1046,N03AF,4,3.0
1047,N03AG,4,3.0
1048,N03AX,4,3.0
1049,N04AA,4,3.0
1050,N04AB,4,3.0
1051,N04AC,4,3.0
1052,N04BA,4,3.0
1053,N04BB,4,3.0
1054,N04BC,4,3.0
1055,N04BD,4,3.0
1056,N04BX,4,3.0
1057,N04CX,4,3.0
1058,N05AA,4,3.0
1059,N05AB,4,3.0
1060,N05AC,4,3.0
1061,N05AD,4,3.0
1062,N05AE,4,3.0
1063,N05AF,4,3.0
1064,N05AG,4,3.0
1065,N05AH,4,3.0
1066,N05AL,4,3.0
1067,N05AN,4,3.0
1068,N05AX,4,3.0
1069,N05BA,4,3.0
1070,N05BB,4,3.0
1071,N05BC,4,3.0
1072,N05BD,4,3.0
1073,N05BE,4,3.0
1074,N05BX,4,3.0
1075,N05CA,4,3.0
1076,N05CB,4,3.0
1077,N05CC,4,3.0
1078,N05CD,4,3.0
1079,N05CE,4,3.0
1080,N05CF,4,3.0
1081,N05CH,4,3.0
1082,N05CJ,4,3.0
1083,N05CM,4,3.0
1084,N05CX,4,3.0
1085,N06AA,4,3.0
1086,N06AB,4,3.0
1087,N06AF,4,3.0
1088,N06AG,4,3.0
1089,N06AX,4,3.0
1090,N06BA,4,3.0
1091,N06BC,4,3.0
1092,N06BX,4,3.0
1093,N06CA,4,3.0
1094,N06CB,4,3.0
1095,N06DA,4,3.0
1096,N06DX,4,3.0
1097,N07AA,4,3.0
1098,N07AB,4,3.0
1099,N07AX,4,3.0
1100,N07BA,4,3.0
1101,N07BB,4,3.0
1102,N07BC,4,3.0
1103,N07CA,4,3.0
1104,N07XA,4,3.0
1105,N07XX,4,3.0
1106,P01AA,4,3.0
1107,P01AB,4,3.0
1108,P01AC,4,3.0
1109,P01AR,4,3.0
1110,P01AX,4,3.0
1111,P01BA,4,3.0
1112,P01BB,4,3.0
1113,P01BC,4,3.0
1114,P01BD,4,3.0
1115,P01BE,4,3.0
1116,P01BF,4,3.0
1117,P01BX,4,3.0
1118,P01CA,4,3.0
1119,P01CB,4,3.0
1120,P01CC,4,3.0
1121,P01CD,4,3.0
1122,P01CX,4,3.0
1123,P02BA,4,3.0
1124,P02BB,4,3.0
1125,P02BX,4,3.0
1126,P02CA,4,3.0
1127,P02CB,4,3.0
1128,P02CC,4,3.0
1129,P02CE,4,3.0
1130,P02CF,4,3.0
1131,P02CX,4,3.0
1132,P02DA,4,3.0
1133,P02DX,4,3.0
1134,P03AA,4,3.0
1135,P03AB,4,3.0
1136,P03AC,4,3.0
1137,P03AX,4,3.0
1138,P03BA,4,3.0
1139,P03BX,4,3.0
1140,R01AA,4,3.0
1141,R01AB,4,3.0
1142,R01AC,4,3.0
1143,R01AD,4,3.0
1144,R01AX,4,3.0
1145,R01BA,4,3.0
1146,R02AA,4,3.0
1147,R02AB,4,3.0
1148,R02AD,4,3.0
1149,R02AX,4,3.0
1150,R03AA,4,3.0
1151,R03AB,4,3.0
1152,R03AC,4,3.0
1153,R03AH,4,3.0
1154,R03AK,4,3.0
1155,R03AL,4,3.0
1156,R03BA,4,3.0
1157,R03BB,4,3.0
1158,R03BC,4,3.0
1159,R03BX,4,3.0
1160,R03CA,4,3.0
1161,R03CB,4,3.0
1162,R03CC,4,3.0
1163,R03CK,4,3.0
1164,R03DA,4,3.0
1165,R03DB,4,3.0
1166,R03DC,4,3.0
1167,R03DX,4,3.0
1168,R05CA,4,3.0
1169,R05CB,4,3.0
1170,R05DA,4,3.0
1171,R05DB,4,3.0
1172,R05FA,4,3.0
1173,R05FB,4,3.0
1174,R06AA,4,3.0
1175,R06AB,4,3.0
1176,R06AC,4,3.0
1177,R06AD,4,3.0
1178,R06AE,4,3.0
1179,R06AK,4,3.0
1180,R06AX,4,3.0
1181,R07AA,4,3.0
1182,R07AB,4,3.0
1183,R07AX,4,3.0
1184,S01AA,4,3.0
1185,S01AB,4,3.0
1186,S01AD,4,3.0
1187,S01AE,4,3.0
1188,S01AX,4,3.0
1189,S01BA,4,3.0
1190,S01BB,4,3.0
1191,S01BC,4,3.0
1192,S01CA,4,3.0
1193,S01CB,4,3.0
1194,S01CC,4,3.0
1195,S01EA,4,3.0
1196,S01EB,4,3.0
1197,S01EC,4,3.0
1198,S01ED,4,3.0
1199,S01EE,4,3.0
1200,S01EX,4,3.0
1201,S01FA,4,3.0
1202,S01FB,4,3.0
1203,S01GA,4,3.0
1204,S01GX,4,3.0
1205,S01HA,4,3.0
1206,S01JA,4,3.0
1207,S01JX,4,3.0
1208,S01KA,4,3.0
1209,S01KX,4,3.0
1210,S01LA,4,3.0
1211,S01XA,4,3.0
1212,S02AA,4,3.0
1213,S02BA,4,3.0
1214,S02CA,4,3.0
1215,S02DA,4,3.0
1216,S02DC,4,3.0
1217,S03AA,4,3.0
1218,S03BA,4,3.0
1219,S03CA,4,3.0
1220,V01AA,4,3.0
1221,V03AB,4,3.0
1222,V03AC,4,3.0
1223,V03AE,4,3.0
1224,V03AF,4,3.0
1225,V03AG,4,3.0
1226,V03AH,4,3.0
1227,V03AK,4,3.0
1228,V03AM,4,3.0
1229,V03AN,4,3.0
1230,V03AX,4,3.0
1231,V03AZ,4,3.0
1232,V04CA,4,3.0
1233,V04CB,4,3.0
1234,V04CC,4,3.0
1235,V04CD,4,3.0
1236,V04CE,4,3.0
1237,V04CF,4,3.0
1238,V04CG,4,3.0
1239,V04CH,4,3.0
1240,V04CJ,4,3.0
1241,V04CK,4,3.0
1242,V04CL,4,3.0
1243,V04CM,4,3.0
1244,V04CX,4,3.0
1245,V06AA,4,3.0
1246,V06CA,4,3.0
1247,V06DA,4,3.0
1248,V06DB,4,3.0
1249,V06DC,4,3.0
1250,V06DD,4,3.0
1251,V06DE,4,3.0
1252,V06DF,4,3.0
1253,V06DX,4,3.0
1254,V07AA,4,3.0
1255,V07AB,4,3.0
1256,V07AC,4,3.0
1257,V07AD,4,3.0
1258,V07AN,4,3.0
1259,V07AR,4,3.0
1260,V07AS,4,3.0
1261,V07AT,4,3.0
1262,V07AV,4,3.0
1263,V07AX,4,3.0
1264,V07AY,4,3.0
1265,V07AZ,4,3.0
1266,V08AA,4,3.0
1267,V08AB,4,3.0
1268,V08AC,4,3.0
1269,V08AD,4,3.0
1270,V08BA,4,3.0
1271,V08CA,4,3.0
1272,V08CB,4,3.0
1273,V08CX,4,3.0
1274,V08DA,4,3.0
1275,V09AA,4,3.0
1276,V09AB,4,3.0
1277,V09AX,4,3.0
1278,V09BA,4,3.0
1279,V09CA,4,3.0
1280,V09CX,4,3.0
1281,V09DA,4,3.0
1282,V09DB,4,3.0
1283,V09DX,4,3.0
1284,V09EA,4,3.0
1285,V09EB,4,3.0
1286,V09EX,4,3.0
1287,V09FX,4,3.0
1288,V09GA,4,3.0
1289,V09GB,4,3.0
1290,V09GX,4,3.0
1291,V09HA,4,3.0
1292,V09HB,4,3.0
1293,V09HX,4,3.0
1294,V09IA,4,3.0
1295,V09IB,4,3.0
1296,V09IX,4,3.0
1297,V09XA,4,3.0
1298,V09XX,4,3.0
1299,V10AA,4,3.0
1300,V10AX,4,3.0
1301,V10BX,4,3.0
1302,V10XA,4,3.0
1303,V10XX,4,3.0
