,drugbank_id,name,smiles,inchi,groups,drug_type,atc_codes
DB13273,DB13273,Sultopride,CCN1CCCC1CNC(=O)C1=CC(=CC=C1OC)S(=O)(=O)CC,"InChI=1S/C17H26N2O4S/c1-4-19-10-6-7-13(19)12-18-17(20)15-11-14(24(21,22)5-2)8-9-16(15)23-3/h8-9,11,13H,4-7,10,12H2,1-3H3,(H,18,20)",['approved'],small molecule,['N05AL02']
DB08871,DB08871,Eribulin,[H][C@@]12CC(=C)[C@]([H])(CC[C@@]3([H])C[C@@H](C)C(=C)[C@@]([H])(C[C@]4([H])O[C@H](C[C@H](O)CN)[C@H](OC)[C@@]4([H])CC(=O)C[C@@]4([H])CC[C@]5([H])O[C@@]6([H])[C@H]7O[C@@]8(C[C@]7([H])O[C@@]6([H])[C@@]([H])(O8)[C@@]5([H])O4)CC1)O3)O2,"InChI=1S/C40H59NO11/c1-19-11-24-5-7-28-20(2)12-26(45-28)9-10-40-17-33-36(51-40)37-38(50-33)39(52-40)35-29(49-37)8-6-25(47-35)13-22(42)14-27-31(16-30(46-24)21(19)3)48-32(34(27)44-4)15-23(43)18-41/h19,23-39,43H,2-3,5-18,41H2,1,4H3/t19-,23+,24+,25-,26+,27+,28+,29+,30-,31+,32-,33-,34-,35+,36+,37+,38-,39+,40+/m1/s1","['approved', 'investigational']",small molecule,['L01XX41']
DB09093,DB09093,Chlortetracycline,[H][C@@]12C[C@@]3([H])C(=C(O)[C@]1(O)C(=O)C(C(N)=O)=C(O)[C@H]2N(C)C)C(=O)C1=C(O)C=CC(Cl)=C1[C@@]3(C)O,"InChI=1S/C22H23ClN2O8/c1-21(32)7-6-8-15(25(2)3)17(28)13(20(24)31)19(30)22(8,33)18(29)11(7)16(27)12-10(26)5-4-9(23)14(12)21/h4-5,7-8,15,26,28-29,32-33H,6H2,1-3H3,(H2,24,31)/t7-,8-,15-,21-,22-/m0/s1","['approved', 'vet_approved', 'withdrawn']",small molecule,"['D06AA02', 'S01AA02', 'J01AA03', 'J01AA20', 'A01AB21']"
DB13767,DB13767,Vorozole,CN1N=NC2=CC=C(C=C12)[C@@H](N1C=NC=N1)C1=CC=C(Cl)C=C1,"InChI=1S/C16H13ClN6/c1-22-15-8-12(4-7-14(15)20-21-22)16(23-10-18-9-19-23)11-2-5-13(17)6-3-11/h2-10,16H,1H3/t16-/m0/s1",['experimental'],small molecule,['L02BG05']
DB00652,DB00652,Pentazocine,CC1C2CC3=C(C=C(O)C=C3)C1(C)CCN2CC=C(C)C,"InChI=1S/C19H27NO/c1-13(2)7-9-20-10-8-19(4)14(3)18(20)11-15-5-6-16(21)12-17(15)19/h5-7,12,14,18,21H,8-11H2,1-4H3","['approved', 'vet_approved']",small molecule,"['N02AD51', 'N02AD01']"
DB00387,DB00387,Procyclidine,OC(CCN1CCCC1)(C1CCCCC1)C1=CC=CC=C1,"InChI=1S/C19H29NO/c21-19(17-9-3-1-4-10-17,18-11-5-2-6-12-18)13-16-20-14-7-8-15-20/h1,3-4,9-10,18,21H,2,5-8,11-16H2",['approved'],small molecule,['N04AA04']
DB12523,DB12523,Mizolastine,CN(C1CCN(CC1)C1=NC2=C(C=CC=C2)N1CC1=CC=C(F)C=C1)C1=NC=CC(=O)N1,"InChI=1S/C24H25FN6O/c1-29(23-26-13-10-22(32)28-23)19-11-14-30(15-12-19)24-27-20-4-2-3-5-21(20)31(24)16-17-6-8-18(25)9-7-17/h2-10,13,19H,11-12,14-16H2,1H3,(H,26,28,32)",['approved'],small molecule,['R06AX25']
DB13527,DB13527,Proglumetacin,CCCN(CCC)C(=O)C(CCC(=O)OCCCN1CCN(CCOC(=O)CC2=C(C)N(C(=O)C3=CC=C(Cl)C=C3)C3=C2C=C(OC)C=C3)CC1)NC(=O)C1=CC=CC=C1,"InChI=1S/C46H58ClN5O8/c1-5-21-51(22-6-2)46(57)40(48-44(55)34-11-8-7-9-12-34)18-20-42(53)59-29-10-23-49-24-26-50(27-25-49)28-30-60-43(54)32-38-33(3)52(41-19-17-37(58-4)31-39(38)41)45(56)35-13-15-36(47)16-14-35/h7-9,11-17,19,31,40H,5-6,10,18,20-30,32H2,1-4H3,(H,48,55)",['investigational'],small molecule,['M01AB14']
DB11712,DB11712,Tezacaftor,CC(C)(CO)C1=CC2=CC(NC(=O)C3(CC3)C3=CC=C4OC(F)(F)OC4=C3)=C(F)C=C2N1C[C@@H](O)CO,"InChI=1S/C26H27F3N2O6/c1-24(2,13-33)22-8-14-7-18(17(27)10-19(14)31(22)11-16(34)12-32)30-23(35)25(5-6-25)15-3-4-20-21(9-15)37-26(28,29)36-20/h3-4,7-10,16,32-34H,5-6,11-13H2,1-2H3,(H,30,35)/t16-/m1/s1","['approved', 'investigational']",small molecule,"['R07AX32', 'R07AX31', 'R07AX33']"
DB13779,DB13779,Guanoclor,NC(=N)NNCCOC1=C(Cl)C=CC=C1Cl,"InChI=1S/C9H12Cl2N4O/c10-6-2-1-3-7(11)8(6)16-5-4-14-15-9(12)13/h1-3,14H,4-5H2,(H4,12,13,15)",['experimental'],small molecule,['C02CC05']
DB13729,DB13729,Camostat,CN(C)C(=O)COC(=O)CC1=CC=C(OC(=O)C2=CC=C(NC(N)=N)C=C2)C=C1,"InChI=1S/C20H22N4O5/c1-24(2)17(25)12-28-18(26)11-13-3-9-16(10-4-13)29-19(27)14-5-7-15(8-6-14)23-20(21)22/h3-10H,11-12H2,1-2H3,(H4,21,22,23)",['investigational'],small molecule,['B02AB04']
DB14515,DB14515,Magnesium lactate,[Mg++].CC(O)C([O-])=O.CC(O)C([O-])=O,"InChI=1S/2C3H6O3.Mg/c2*1-2(4)3(5)6;/h2*2,4H,1H3,(H,5,6);/q;;+2/p-2","['investigational', 'nutraceutical']",small molecule,['A12CC06']
DB00911,DB00911,Tinidazole,CCS(=O)(=O)CCN1C(C)=NC=C1[N+]([O-])=O,"InChI=1S/C8H13N3O4S/c1-3-16(14,15)5-4-10-7(2)9-6-8(10)11(12)13/h6H,3-5H2,1-2H3","['approved', 'investigational']",small molecule,"['P01AB53', 'A02BD09', 'J01XD02', 'G01AF21', 'J01RA18', 'J01RA11', 'J01RA13', 'G01AF20', 'P01AB02']"
DB00693,DB00693,Fluorescein,OC1=CC=C2C(OC3=CC(O)=CC=C3C22OC(=O)C3=C2C=CC=C3)=C1,"InChI=1S/C20H12O5/c21-11-5-7-15-17(9-11)24-18-10-12(22)6-8-16(18)20(15)14-4-2-1-3-13(14)19(23)25-20/h1-10,21-22H","['approved', 'investigational']",small molecule,"['S01JA01', 'S01JA51']"
DB00479,DB00479,Amikacin,NCC[C@H](O)C(=O)N[C@@H]1C[C@H](N)[C@@H](O[C@H]2O[C@H](CN)[C@@H](O)[C@H](O)[C@H]2O)[C@H](O)[C@H]1O[C@H]1O[C@H](CO)[C@@H](O)[C@H](N)[C@H]1O,"InChI=1S/C22H43N5O13/c23-2-1-8(29)20(36)27-7-3-6(25)18(39-22-16(34)15(33)13(31)9(4-24)37-22)17(35)19(7)40-21-14(32)11(26)12(30)10(5-28)38-21/h6-19,21-22,28-35H,1-5,23-26H2,(H,27,36)/t6-,7+,8-,9+,10+,11-,12+,13+,14+,15-,16+,17-,18+,19-,21+,22+/m0/s1","['approved', 'investigational', 'vet_approved']",small molecule,"['S01AA21', 'D06AX12', 'J01GB06', 'J01RA06']"
DB09000,DB09000,Cyamemazine,CC(CN(C)C)CN1C2=CC=CC=C2SC2=C1C=C(C=C2)C#N,"InChI=1S/C19H21N3S/c1-14(12-21(2)3)13-22-16-6-4-5-7-18(16)23-19-9-8-15(11-20)10-17(19)22/h4-10,14H,12-13H2,1-3H3",['experimental'],small molecule,['N05AA06']
DB00876,DB00876,Eprosartan,CCCCC1=NC=C(\C=C(/CC2=CC=CS2)C(O)=O)N1CC1=CC=C(C=C1)C(O)=O,"InChI=1S/C23H24N2O4S/c1-2-3-6-21-24-14-19(12-18(23(28)29)13-20-5-4-11-30-20)25(21)15-16-7-9-17(10-8-16)22(26)27/h4-5,7-12,14H,2-3,6,13,15H2,1H3,(H,26,27)(H,28,29)/b18-12+","['approved', 'investigational']",small molecule,"['C09DA02', 'C09CA02']"
DB12770,DB12770,Lafutidine,O=C(CS(=O)CC1=CC=CO1)NC\C=C/COC1=NC=CC(CN2CCCCC2)=C1,"InChI=1S/C22H29N3O4S/c26-21(18-30(27)17-20-7-6-14-28-20)23-9-2-5-13-29-22-15-19(8-10-24-22)16-25-11-3-1-4-12-25/h2,5-8,10,14-15H,1,3-4,9,11-13,16-18H2,(H,23,26)/b5-2-",['investigational'],small molecule,['A02BA08']
DB13206,DB13206,Bamethan,CCCCNCC(O)C1=CC=C(O)C=C1,"InChI=1S/C12H19NO2/c1-2-3-8-13-9-12(15)10-4-6-11(14)7-5-10/h4-7,12-15H,2-3,8-9H2,1H3",['experimental'],small molecule,['C04AA31']
DB13407,DB13407,Nifenazone,CN1N(C(=O)C(NC(=O)C2=CC=CN=C2)=C1C)C1=CC=CC=C1,"InChI=1S/C17H16N4O2/c1-12-15(19-16(22)13-7-6-10-18-11-13)17(23)21(20(12)2)14-8-4-3-5-9-14/h3-11H,1-2H3,(H,19,22)",['experimental'],small molecule,"['M02AA24', 'N02BB05']"
DB00537,DB00537,Ciprofloxacin,OC(=O)C1=CN(C2CC2)C2=CC(N3CCNCC3)=C(F)C=C2C1=O,"InChI=1S/C17H18FN3O3/c18-13-7-11-14(8-15(13)20-5-3-19-4-6-20)21(10-1-2-10)9-12(16(11)22)17(23)24/h7-10,19H,1-6H2,(H,23,24)","['approved', 'investigational']",small molecule,"['J01RA11', 'S03AA07', 'J01MA02', 'S02AA15', 'J01RA10', 'J01RA12', 'S01AE03']"
DB01215,DB01215,Estazolam,ClC1=CC2=C(C=C1)N1C=NN=C1CN=C2C1=CC=CC=C1,"InChI=1S/C16H11ClN4/c17-12-6-7-14-13(8-12)16(11-4-2-1-3-5-11)18-9-15-20-19-10-21(14)15/h1-8,10H,9H2","['approved', 'illicit', 'investigational']",small molecule,['N05CD04']
DB00453,DB00453,Clomocycline,[H][C@@]12C[C@@]3([H])C(=C(O)[C@]1(O)C(=O)C(C(=O)NCO)=C(O)[C@H]2N(C)C)C(=O)C1=C(C(Cl)=CC=C1O)[C@@]3(C)O,"InChI=1S/C23H25ClN2O9/c1-22(34)8-6-9-16(26(2)3)18(30)14(21(33)25-7-27)20(32)23(9,35)19(31)12(8)17(29)13-11(28)5-4-10(24)15(13)22/h4-5,8-9,16,27-28,30-31,34-35H,6-7H2,1-3H3,(H,25,33)/t8-,9-,16-,22-,23-/m0/s1",['experimental'],small molecule,['J01AA11']
DB00851,DB00851,Dacarbazine,CN(C)\N=N\C1=C(N=CN1)C(N)=O,"InChI=1S/C6H10N6O/c1-12(2)11-10-6-4(5(7)13)8-3-9-6/h3H,1-2H3,(H2,7,13)(H,8,9)/b11-10+","['approved', 'investigational']",small molecule,['L01AX04']
DB00275,DB00275,Olmesartan,CCCC1=NC(=C(N1CC1=CC=C(C=C1)C1=C(C=CC=C1)C1=NN=NN1)C(O)=O)C(C)(C)O,"InChI=1S/C24H26N6O3/c1-4-7-19-25-21(24(2,3)33)20(23(31)32)30(19)14-15-10-12-16(13-11-15)17-8-5-6-9-18(17)22-26-28-29-27-22/h5-6,8-13,33H,4,7,14H2,1-3H3,(H,31,32)(H,26,27,28,29)","['approved', 'investigational']",small molecule,"['C09DA08', 'C09DX03', 'C09CA08', 'C09DB02']"
DB00185,DB00185,Cevimeline,CC1O[C@@]2(CS1)CN1CCC2CC1,"InChI=1S/C10H17NOS/c1-8-12-10(7-13-8)6-11-4-2-9(10)3-5-11/h8-9H,2-7H2,1H3/t8?,10-/m1/s1",['approved'],small molecule,['N07AX03']
DB13402,DB13402,Acetylglycinamide chloral hydrate,OC(O)C(Cl)(Cl)Cl.CC(=O)NCC(O)=O,"InChI=1S/C4H7NO3.C2H3Cl3O2/c1-3(6)5-2-4(7)8;3-2(4,5)1(6)7/h2H2,1H3,(H,5,6)(H,7,8);1,6-7H",['experimental'],small molecule,['N05CC03']
DB00565,DB00565,Cisatracurium,COC1=CC2=C(C=C1OC)[C@@H](CC1=CC(OC)=C(OC)C=C1)[N@@+](C)(CCC(=O)OCCCCCOC(=O)CC[N@@+]1(C)CCC3=C(C=C(OC)C(OC)=C3)[C@H]1CC1=CC(OC)=C(OC)C=C1)CC2,"InChI=1S/C53H72N2O12/c1-54(22-18-38-32-48(62-7)50(64-9)34-40(38)42(54)28-36-14-16-44(58-3)46(30-36)60-5)24-20-52(56)66-26-12-11-13-27-67-53(57)21-25-55(2)23-19-39-33-49(63-8)51(65-10)35-41(39)43(55)29-37-15-17-45(59-4)47(31-37)61-6/h14-17,30-35,42-43H,11-13,18-29H2,1-10H3/q+2/t42-,43-,54-,55-/m1/s1","['approved', 'investigational']",small molecule,['M03AC11']
DB00239,DB00239,Oxiconazole,ClC1=CC(Cl)=C(CO\N=C(/CN2C=CN=C2)C2=CC=C(Cl)C=C2Cl)C=C1,"InChI=1S/C18H13Cl4N3O/c19-13-2-1-12(16(21)7-13)10-26-24-18(9-25-6-5-23-11-25)15-4-3-14(20)8-17(15)22/h1-8,11H,9-10H2/b24-18+",['approved'],small molecule,"['D01AC11', 'G01AF17', 'G01AF20']"
DB00714,DB00714,Apomorphine,[H][C@]12CC3=C(C(O)=C(O)C=C3)C3=CC=CC(CCN1C)=C23,"InChI=1S/C17H17NO2/c1-18-8-7-10-3-2-4-12-15(10)13(18)9-11-5-6-14(19)17(20)16(11)12/h2-6,13,19-20H,7-9H2,1H3/t13-/m1/s1","['approved', 'investigational']",small molecule,"['G04BE07', 'N04BC07']"
DB11697,DB11697,Pacritinib,C(CN1CCCC1)OC1=CC=C2NC3=NC=CC(=N3)C3=CC(COC\C=C\COCC1=C2)=CC=C3,"InChI=1S/C28H32N4O3/c1-2-13-32(12-1)14-17-35-27-9-8-25-19-24(27)21-34-16-4-3-15-33-20-22-6-5-7-23(18-22)26-10-11-29-28(30-25)31-26/h3-11,18-19H,1-2,12-17,20-21H2,(H,29,30,31)/b4-3+","['approved', 'investigational']",small molecule,['L01EJ03']
DB01394,DB01394,Colchicine,COC1=CC2=C(C(OC)=C1OC)C1=CC=C(OC)C(=O)C=C1[C@H](CC2)NC(C)=O,"InChI=1S/C22H25NO6/c1-12(24)23-16-8-6-13-10-19(27-3)21(28-4)22(29-5)20(13)14-7-9-18(26-2)17(25)11-15(14)16/h7,9-11,16H,6,8H2,1-5H3,(H,23,24)/t16-/m0/s1","['approved', 'investigational']",small molecule,"['M04AC51', 'M04AC01']"
DB00738,DB00738,Pentamidine,NC(=N)C1=CC=C(OCCCCCOC2=CC=C(C=C2)C(N)=N)C=C1,"InChI=1S/C19H24N4O2/c20-18(21)14-4-8-16(9-5-14)24-12-2-1-3-13-25-17-10-6-15(7-11-17)19(22)23/h4-11H,1-3,12-13H2,(H3,20,21)(H3,22,23)","['approved', 'investigational']",small molecule,['P01CX01']
DB04908,DB04908,Flibanserin,FC(F)(F)C1=CC(=CC=C1)N1CCN(CCN2C(=O)NC3=CC=CC=C23)CC1,"InChI=1S/C20H21F3N4O/c21-20(22,23)15-4-3-5-16(14-15)26-11-8-25(9-12-26)10-13-27-18-7-2-1-6-17(18)24-19(27)28/h1-7,14H,8-13H2,(H,24,28)","['approved', 'investigational']",small molecule,['G02CX02']
DB04831,DB04831,Tienilic acid,OC(=O)COC1=C(Cl)C(Cl)=C(C=C1)C(=O)C1=CC=CS1,"InChI=1S/C13H8Cl2O4S/c14-11-7(13(18)9-2-1-5-20-9)3-4-8(12(11)15)19-6-10(16)17/h1-5H,6H2,(H,16,17)","['approved', 'withdrawn']",small molecule,['C03CC02']
DB00338,DB00338,Omeprazole,COC1=CC2=C(C=C1)N=C(N2)S(=O)CC1=NC=C(C)C(OC)=C1C,"InChI=1S/C17H19N3O3S/c1-10-8-18-15(11(2)16(10)23-4)9-24(21)17-19-13-6-5-12(22-3)7-14(13)20-17/h5-8H,9H2,1-4H3,(H,19,20)","['approved', 'investigational', 'vet_approved']",small molecule,"['A02BC51', 'A02BC01', 'A02BD05', 'A02BD16', 'A02BD01']"
DB04911,DB04911,Oritavancin,CN[C@H](CC(C)C)C(=O)N[C@@H]1[C@H](O)C2=CC=C(OC3=C(O[C@@H]4O[C@H](CO)[C@@H](O)[C@H](O)[C@H]4O[C@H]4C[C@](C)(NCC5=CC=C(C=C5)C5=CC=C(Cl)C=C5)[C@@H](O)[C@H](C)O4)C4=CC(=C3)[C@@H](NC(=O)[C@H](CC(N)=O)NC1=O)C(=O)N[C@@H]1C3=CC(=C(O)C=C3)C3=C(O)C=C(O)C=C3[C@H](NC(=O)[C@@H](NC1=O)[C@H](O[C@H]1C[C@](C)(N)[C@@H](O)[C@H](C)O1)C1=CC(Cl)=C(O4)C=C1)C(O)=O)C(Cl)=C2,"InChI=1S/C86H97Cl3N10O26/c1-35(2)22-51(92-7)77(110)98-67-69(105)42-15-20-55(49(88)24-42)120-57-26-44-27-58(73(57)125-84-74(71(107)70(106)59(34-100)122-84)124-62-32-86(6,76(109)37(4)119-62)93-33-38-8-10-39(11-9-38)40-12-17-45(87)18-13-40)121-56-21-16-43(25-50(56)89)72(123-61-31-85(5,91)75(108)36(3)118-61)68-82(115)97-66(83(116)117)48-28-46(101)29-54(103)63(48)47-23-41(14-19-53(47)102)64(79(112)99-68)96-80(113)65(44)95-78(111)52(30-60(90)104)94-81(67)114/h8-21,23-29,35-37,51-52,59,61-62,64-72,74-76,84,92-93,100-103,105-109H,22,30-34,91H2,1-7H3,(H2,90,104)(H,94,114)(H,95,111)(H,96,113)(H,97,115)(H,98,110)(H,99,112)(H,116,117)/t36-,37-,51+,52-,59+,61-,62-,64+,65+,66-,67+,68-,69+,70+,71-,72+,74+,75-,76-,84-,85-,86-/m0/s1","['approved', 'investigational']",small molecule,['J01XA05']
DB00305,DB00305,Mitomycin,[H][C@]12CN3C4=C([C@@H](COC(N)=O)[C@@]3(OC)[C@@]1([H])N2)C(=O)C(N)=C(C)C4=O,"InChI=1S/C15H18N4O5/c1-5-9(16)12(21)8-6(4-24-14(17)22)15(23-2)13-7(18-13)3-19(15)10(8)11(5)20/h6-7,13,18H,3-4,16H2,1-2H3,(H2,17,22)/t6-,7+,13+,15-/m1/s1","['approved', 'investigational']",small molecule,['L01DC03']
DB12692,DB12692,Gusperimus,NCCCNCCCCNC(=O)C(O)NC(=O)CCCCCCNC(N)=N,"InChI=1S/C17H37N7O3/c18-9-7-11-21-10-5-6-12-22-15(26)16(27)24-14(25)8-3-1-2-4-13-23-17(19)20/h16,21,27H,1-13,18H2,(H,22,26)(H,24,25)(H4,19,20,23)",['investigational'],small molecule,['L04AA19']
DB01222,DB01222,Budesonide,[H][C@@]12C[C@H]3OC(CCC)O[C@@]3(C(=O)CO)[C@@]1(C)C[C@H](O)[C@@]1([H])[C@@]2([H])CCC2=CC(=O)C=C[C@]12C,"InChI=1S/C25H34O6/c1-4-5-21-30-20-11-17-16-7-6-14-10-15(27)8-9-23(14,2)22(16)18(28)12-24(17,3)25(20,31-21)19(29)13-26/h8-10,16-18,20-22,26,28H,4-7,11-13H2,1-3H3/t16-,17-,18-,20+,21?,22+,23-,24-,25+/m0/s1","['approved', 'investigational']",small molecule,"['R03AK15', 'R03AL11', 'D07AC09', 'R01AD05', 'R03AK07', 'A07EA06', 'R03BA02', 'R03AK12']"
DB01235,DB01235,Levodopa,N[C@@H](CC1=CC(O)=C(O)C=C1)C(O)=O,"InChI=1S/C9H11NO4/c10-6(9(13)14)3-5-1-2-7(11)8(12)4-5/h1-2,4,6,11-12H,3,10H2,(H,13,14)/t6-/m0/s1","['approved', 'investigational']",small molecule,"['N04BA03', 'N04BA01', 'N04BA02']"
DB01199,DB01199,Tubocurarine,[H][C@@]12CC3=CC=C(OC4=C5C(CC[N+](C)(C)[C@]5([H])CC5=CC(OC6=C(OC)C=C(CCN1C)C2=C6)=C(O)C=C5)=CC(OC)=C4O)C=C3,"InChI=1S/C37H40N2O6/c1-38-14-12-24-19-32(42-4)33-21-27(24)28(38)16-22-6-9-26(10-7-22)44-37-35-25(20-34(43-5)36(37)41)13-15-39(2,3)29(35)17-23-8-11-30(40)31(18-23)45-33/h6-11,18-21,28-29H,12-17H2,1-5H3,(H-,40,41)/p+1/t28-,29+/m0/s1","['approved', 'withdrawn']",small molecule,['M03AA02']
DB08984,DB08984,Etofenamate,OCCOCCOC(=O)C1=CC=CC=C1NC1=CC=CC(=C1)C(F)(F)F,"InChI=1S/C18H18F3NO4/c19-18(20,21)13-4-3-5-14(12-13)22-16-7-2-1-6-15(16)17(24)26-11-10-25-9-8-23/h1-7,12,22-23H,8-11H2",['investigational'],small molecule,['M02AA06']
DB06796,DB06796,Mangafodipir,[Mn++].CC1=C(O)C(CN(CCN(CC([O-])=O)CC2=CC(COP(O)(O)=O)=NC(C)=C2O)CC([O-])=O)=CC(COP(O)(O)=O)=N1,"InChI=1S/C22H32N4O14P2.Mn/c1-13-21(31)15(5-17(23-13)11-39-41(33,34)35)7-25(9-19(27)28)3-4-26(10-20(29)30)8-16-6-18(12-40-42(36,37)38)24-14(2)22(16)32;/h5-6,31-32H,3-4,7-12H2,1-2H3,(H,27,28)(H,29,30)(H2,33,34,35)(H2,36,37,38);/q;+2/p-2","['approved', 'investigational', 'withdrawn']",small molecule,['V08CA05']
DB08808,DB08808,Bupranolol,CC1=CC(OCC(O)CNC(C)(C)C)=C(Cl)C=C1,"InChI=1S/C14H22ClNO2/c1-10-5-6-12(15)13(7-10)18-9-11(17)8-16-14(2,3)4/h5-7,11,16-17H,8-9H2,1-4H3",['experimental'],small molecule,['C07AA19']
DB01112,DB01112,Cefuroxime,[H][C@]12SCC(COC(N)=O)=C(N1C(=O)[C@H]2NC(=O)C(=N/OC)\C1=CC=CO1)C(O)=O,"InChI=1S/C16H16N4O8S/c1-26-19-9(8-3-2-4-27-8)12(21)18-10-13(22)20-11(15(23)24)7(5-28-16(17)25)6-29-14(10)20/h2-4,10,14H,5-6H2,1H3,(H2,17,25)(H,18,21)(H,23,24)/b19-9-/t10-,14-/m1/s1","['approved', 'investigational']",small molecule,"['S01AA27', 'J01DC02', 'J01RA03']"
DB00922,DB00922,Levosimendan,C[C@@H]1CC(=O)NN=C1C1=CC=C(NN=C(C#N)C#N)C=C1,"InChI=1S/C14H12N6O/c1-9-6-13(21)19-20-14(9)10-2-4-11(5-3-10)17-18-12(7-15)8-16/h2-5,9,17H,6H2,1H3,(H,19,21)/t9-/m1/s1","['approved', 'investigational', 'withdrawn']",small molecule,['C01CX08']
DB13234,DB13234,Propanidid,CCCOC(=O)CC1=CC(OC)=C(OCC(=O)N(CC)CC)C=C1,"InChI=1S/C18H27NO5/c1-5-10-23-18(21)12-14-8-9-15(16(11-14)22-4)24-13-17(20)19(6-2)7-3/h8-9,11H,5-7,10,12-13H2,1-4H3",['experimental'],small molecule,['N01AX04']
DB09125,DB09125,Potassium citrate,[K+].[K+].[K+].OC(CC([O-])=O)(CC([O-])=O)C([O-])=O,"InChI=1S/C6H8O7.3K/c7-3(8)1-6(13,5(11)12)2-4(9)10;;;/h13H,1-2H2,(H,7,8)(H,9,10)(H,11,12);;;/q;3*+1/p-3","['approved', 'investigational', 'vet_approved']",small molecule,['A12BA02']
DB04871,DB04871,Lorcaserin,C[C@H]1CNCCC2=CC=C(Cl)C=C12,"InChI=1S/C11H14ClN/c1-8-7-13-5-4-9-2-3-10(12)6-11(8)9/h2-3,6,8,13H,4-5,7H2,1H3/t8-/m0/s1","['approved', 'investigational', 'withdrawn']",small molecule,['A08AA11']
DB00487,DB00487,Pefloxacin,CCN1C=C(C(O)=O)C(=O)C2=CC(F)=C(C=C12)N1CCN(C)CC1,"InChI=1S/C17H20FN3O3/c1-3-20-10-12(17(23)24)16(22)11-8-13(18)15(9-14(11)20)21-6-4-19(2)5-7-21/h8-10H,3-7H2,1-2H3,(H,23,24)",['approved'],small molecule,['J01MA03']
DB00179,DB00179,Masoprocol,C[C@@H](CC1=CC(O)=C(O)C=C1)[C@H](C)CC1=CC(O)=C(O)C=C1,"InChI=1S/C18H22O4/c1-11(7-13-3-5-15(19)17(21)9-13)12(2)8-14-4-6-16(20)18(22)10-14/h3-6,9-12,19-22H,7-8H2,1-2H3/t11-,12+",['investigational'],small molecule,['L01XX10']
DB00684,DB00684,Tobramycin,NC[C@H]1O[C@H](O[C@@H]2[C@@H](N)C[C@@H](N)[C@H](O[C@H]3O[C@H](CO)[C@@H](O)[C@H](N)[C@H]3O)[C@H]2O)[C@H](N)C[C@@H]1O,"InChI=1S/C18H37N5O9/c19-3-9-8(25)2-7(22)17(29-9)31-15-5(20)1-6(21)16(14(15)28)32-18-13(27)11(23)12(26)10(4-24)30-18/h5-18,24-28H,1-4,19-23H2/t5-,6+,7+,8-,9+,10+,11-,12+,13+,14-,15+,16-,17+,18+/m0/s1","['approved', 'investigational']",small molecule,"['S01AA12', 'J01GB01']"
DB00341,DB00341,Cetirizine,OC(=O)COCCN1CCN(CC1)C(C1=CC=CC=C1)C1=CC=C(Cl)C=C1,"InChI=1S/C21H25ClN2O3/c22-19-8-6-18(7-9-19)21(17-4-2-1-3-5-17)24-12-10-23(11-13-24)14-15-27-16-20(25)26/h1-9,21H,10-16H2,(H,25,26)","['approved', 'investigational']",small molecule,"['S01GX12', 'R06AE07']"
DB00551,DB00551,Acetohydroxamic acid,CC(=O)NO,"InChI=1S/C2H5NO2/c1-2(4)3-5/h5H,1H3,(H,3,4)",['approved'],small molecule,['G04BX03']
DB09092,DB09092,Xanthinol,CN(CCO)CC(O)CN1C=NC2=C1C(=O)N(C)C(=O)N2C,"InChI=1S/C13H21N5O4/c1-15(4-5-19)6-9(20)7-18-8-14-11-10(18)12(21)17(3)13(22)16(11)2/h8-9,19-20H,4-7H2,1-3H3","['approved', 'withdrawn']",small molecule,['C04AD02']
DB00944,DB00944,Demecarium,CN(CCCCCCCCCCN(C)C(=O)OC1=CC=CC(=C1)[N+](C)(C)C)C(=O)OC1=CC=CC(=C1)[N+](C)(C)C,"InChI=1S/C32H52N4O4/c1-33(31(37)39-29-21-17-19-27(25-29)35(3,4)5)23-15-13-11-9-10-12-14-16-24-34(2)32(38)40-30-22-18-20-28(26-30)36(6,7)8/h17-22,25-26H,9-16,23-24H2,1-8H3/q+2",['approved'],small molecule,['S01EB04']
DB00518,DB00518,Albendazole,CCCSC1=CC2=C(C=C1)N=C(NC(=O)OC)N2,"InChI=1S/C12H15N3O2S/c1-3-6-18-8-4-5-9-10(7-8)14-11(13-9)15-12(16)17-2/h4-5,7H,3,6H2,1-2H3,(H2,13,14,15,16)","['approved', 'investigational', 'vet_approved']",small molecule,['P02CA03']
DB00170,DB00170,Menadione,CC1=CC(=O)C2=CC=CC=C2C1=O,"InChI=1S/C11H8O2/c1-7-6-10(12)8-4-2-3-5-9(8)11(7)13/h2-6H,1H3","['approved', 'nutraceutical']",small molecule,['B02BA02']
DB01610,DB01610,Valganciclovir,CC(C)[C@H](N)C(=O)OCC(CO)OCN1C=NC2=C1NC(N)=NC2=O,"InChI=1S/C14H22N6O5/c1-7(2)9(15)13(23)24-4-8(3-21)25-6-20-5-17-10-11(20)18-14(16)19-12(10)22/h5,7-9,21H,3-4,6,15H2,1-2H3,(H3,16,18,19,22)/t8?,9-/m0/s1","['approved', 'investigational']",small molecule,['J05AB14']
DB00457,DB00457,Prazosin,COC1=C(OC)C=C2C(N)=NC(=NC2=C1)N1CCN(CC1)C(=O)C1=CC=CO1,"InChI=1S/C19H21N5O4/c1-26-15-10-12-13(11-16(15)27-2)21-19(22-17(12)20)24-7-5-23(6-8-24)18(25)14-4-3-9-28-14/h3-4,9-11H,5-8H2,1-2H3,(H2,20,21,22)","['approved', 'investigational']",small molecule,"['C02LE01', 'C02CA01']"
DB01268,DB01268,Sunitinib,CCN(CC)CCNC(=O)C1=C(C)NC(\C=C2/C(=O)NC3=C2C=C(F)C=C3)=C1C,"InChI=1S/C22H27FN4O2/c1-5-27(6-2)10-9-24-22(29)20-13(3)19(25-14(20)4)12-17-16-11-15(23)7-8-18(16)26-21(17)28/h7-8,11-12,25H,5-6,9-10H2,1-4H3,(H,24,29)(H,26,28)/b17-12-","['approved', 'investigational']",small molecule,['L01EX01']
DB06218,DB06218,Lacosamide,COC[C@@H](NC(C)=O)C(=O)NCC1=CC=CC=C1,"InChI=1S/C13H18N2O3/c1-10(16)15-12(9-18-2)13(17)14-8-11-6-4-3-5-7-11/h3-7,12H,8-9H2,1-2H3,(H,14,17)(H,15,16)/t12-/m1/s1","['approved', 'investigational']",small molecule,['N03AX18']
DB00664,DB00664,Sulfametopyrazine,COC1=NC=CN=C1NS(=O)(=O)C1=CC=C(N)C=C1,"InChI=1S/C11H12N4O3S/c1-18-11-10(13-6-7-14-11)15-19(16,17)9-4-2-8(12)3-5-9/h2-7H,12H2,1H3,(H,13,15)","['approved', 'withdrawn']",small molecule,"['G01AE10', 'J01ED02', 'P01BF04']"
DB01009,DB01009,Ketoprofen,CC(C(O)=O)C1=CC(=CC=C1)C(=O)C1=CC=CC=C1,"InChI=1S/C16H14O3/c1-11(16(18)19)13-8-5-9-14(10-13)15(17)12-6-3-2-4-7-12/h2-11H,1H3,(H,18,19)","['approved', 'investigational', 'vet_approved']",small molecule,"['M01AE03', 'M02AA10', 'M01AE53']"
DB13382,DB13382,Chlorproethazine,CCN(CC)CCCN1C2=CC=CC=C2SC2=C1C=C(Cl)C=C2,"InChI=1S/C19H23ClN2S/c1-3-21(4-2)12-7-13-22-16-8-5-6-9-18(16)23-19-11-10-15(20)14-17(19)22/h5-6,8-11,14H,3-4,7,12-13H2,1-2H3",['experimental'],small molecule,['N05AA07']
DB13317,DB13317,Flunoxaprofen,C[C@H](C(O)=O)C1=CC=C2OC(=NC2=C1)C1=CC=C(F)C=C1,"InChI=1S/C16H12FNO3/c1-9(16(19)20)11-4-7-14-13(8-11)18-15(21-14)10-2-5-12(17)6-3-10/h2-9H,1H3,(H,19,20)/t9-/m0/s1",['experimental'],small molecule,"['M01AE15', 'G02CC04']"
DB06774,DB06774,Capsaicin,COC1=C(O)C=CC(CNC(=O)CCCC\C=C\C(C)C)=C1,"InChI=1S/C18H27NO3/c1-14(2)8-6-4-5-7-9-18(21)19-13-15-10-11-16(20)17(12-15)22-3/h6,8,10-12,14,20H,4-5,7,9,13H2,1-3H3,(H,19,21)/b8-6+","['approved', 'investigational']",small molecule,"['M02AB01', 'N01BX04']"
DB09383,DB09383,Meprednisone,[H][C@]1(C)C[C@@]2([H])[C@]3([H])CCC4=CC(=O)C=C[C@]4(C)[C@@]3([H])C(=O)C[C@]2(C)[C@@]1(O)C(=O)CO,"InChI=1S/C22H28O5/c1-12-8-16-15-5-4-13-9-14(24)6-7-20(13,2)19(15)17(25)10-21(16,3)22(12,27)18(26)11-23/h6-7,9,12,15-16,19,23,27H,4-5,8,10-11H2,1-3H3/t12-,15-,16-,19+,20-,21-,22-/m0/s1",['approved'],small molecule,['H02AB15']
DB09116,DB09116,Calcium carbimide,[Ca++].[N-]=C=[N-],InChI=1S/CN2.Ca/c2-1-3;/q-2;+2,"['approved', 'withdrawn']",small molecule,['N07BB02']
DB00897,DB00897,Triazolam,CC1=NN=C2CN=C(C3=CC=CC=C3Cl)C3=C(C=CC(Cl)=C3)N12,"InChI=1S/C17H12Cl2N4/c1-10-21-22-16-9-20-17(12-4-2-3-5-14(12)19)13-8-11(18)6-7-15(13)23(10)16/h2-8H,9H2,1H3","['approved', 'investigational']",small molecule,['N05CD05']
DB13266,DB13266,Cefatrizine,[H][C@@]1(NC(=O)[C@H](N)C2=CC=C(O)C=C2)C(=O)N2C(C(O)=O)=C(CSC3=CNN=N3)CS[C@]12[H],"InChI=1S/C18H18N6O5S2/c19-12(8-1-3-10(25)4-2-8)15(26)21-13-16(27)24-14(18(28)29)9(7-31-17(13)24)6-30-11-5-20-23-22-11/h1-5,12-13,17,25H,6-7,19H2,(H,21,26)(H,28,29)(H,20,22,23)/t12-,13-,17-/m1/s1",['investigational'],small molecule,['J01DB07']
DB00661,DB00661,Verapamil,COC1=C(OC)C=C(CCN(C)CCCC(C#N)(C(C)C)C2=CC(OC)=C(OC)C=C2)C=C1,"InChI=1S/C27H38N2O4/c1-20(2)27(19-28,22-10-12-24(31-5)26(18-22)33-7)14-8-15-29(3)16-13-21-9-11-23(30-4)25(17-21)32-6/h9-12,17-18,20H,8,13-16H2,1-7H3","['approved', 'investigational']",small molecule,"['C09BB10', 'C08DA51', 'C08DA01']"
DB13707,DB13707,Sodium tartrate,[Na+].[Na+].O[C@H]([C@@H](O)C([O-])=O)C([O-])=O,"InChI=1S/C4H6O6.2Na/c5-1(3(7)8)2(6)4(9)10;;/h1-2,5-6H,(H,7,8)(H,9,10);;/q;2*+1/p-2/t1-,2-;;/m1../s1","['approved', 'withdrawn']",small molecule,['A06AD21']
DB12245,DB12245,Triclabendazole,CSC1=NC2=C(N1)C=C(Cl)C(OC1=CC=CC(Cl)=C1Cl)=C2,"InChI=1S/C14H9Cl3N2OS/c1-21-14-18-9-5-8(16)12(6-10(9)19-14)20-11-4-2-3-7(15)13(11)17/h2-6H,1H3,(H,18,19)","['approved', 'investigational']",small molecule,['P02BX04']
DB13805,DB13805,Reposal,CCC1(C(=O)NC(=O)NC1=O)C1=CC2CCC(C2)C1,"InChI=1S/C14H18N2O3/c1-2-14(11(17)15-13(19)16-12(14)18)10-6-8-3-4-9(5-8)7-10/h6,8-9H,2-5,7H2,1H3,(H2,15,16,17,18,19)",['experimental'],small molecule,['N05CA12']
DB14533,DB14533,Zinc chloride,[Cl-].[Cl-].[Zn++],InChI=1S/2ClH.Zn/h2*1H;/q;;+2/p-2,['approved'],small molecule,"['C05AX04', 'B05XA12']"
DB00870,DB00870,Suprofen,CC(C(O)=O)C1=CC=C(C=C1)C(=O)C1=CC=CS1,"InChI=1S/C14H12O3S/c1-9(14(16)17)10-4-6-11(7-5-10)13(15)12-3-2-8-18-12/h2-9H,1H3,(H,16,17)","['approved', 'withdrawn']",small molecule,['M01AE07']
DB00773,DB00773,Etoposide,[H][C@]12COC(=O)[C@]1([H])[C@H](C1=CC(OC)=C(O)C(OC)=C1)C1=CC3=C(OCO3)C=C1[C@H]2O[C@@H]1O[C@]2([H])CO[C@@H](C)O[C@@]2([H])[C@H](O)[C@H]1O,"InChI=1S/C29H32O13/c1-11-36-9-20-27(40-11)24(31)25(32)29(41-20)42-26-14-7-17-16(38-10-39-17)6-13(14)21(22-15(26)8-37-28(22)33)12-4-18(34-2)23(30)19(5-12)35-3/h4-7,11,15,20-22,24-27,29-32H,8-10H2,1-3H3/t11-,15+,20-,21-,22+,24-,25-,26-,27-,29+/m1/s1","['approved', 'investigational']",small molecule,['L01CB01']
DB01558,DB01558,Bromazepam,BrC1=CC2=C(NC(=O)CN=C2C2=CC=CC=N2)C=C1,"InChI=1S/C14H10BrN3O/c15-9-4-5-11-10(7-9)14(17-8-13(19)18-11)12-3-1-2-6-16-12/h1-7H,8H2,(H,18,19)","['approved', 'illicit']",small molecule,['N05BA08']
DB01603,DB01603,Meticillin,[H][C@]12SC(C)(C)[C@@H](N1C(=O)[C@H]2NC(=O)C1=C(OC)C=CC=C1OC)C(O)=O,"InChI=1S/C17H20N2O6S/c1-17(2)12(16(22)23)19-14(21)11(15(19)26-17)18-13(20)10-8(24-3)6-5-7-9(10)25-4/h5-7,11-12,15H,1-4H3,(H,18,20)(H,22,23)/t11-,12+,15-/m1/s1","['approved', 'investigational']",small molecule,"['J01CR50', 'J01CF03']"
DB09232,DB09232,Cilnidipine,COCCOC(=O)C1=C(C)NC(C)=C(C1C1=CC=CC(=C1)[N+]([O-])=O)C(=O)OC\C=C\C1=CC=CC=C1,"InChI=1S/C27H28N2O7/c1-18-23(26(30)35-14-8-11-20-9-5-4-6-10-20)25(21-12-7-13-22(17-21)29(32)33)24(19(2)28-18)27(31)36-16-15-34-3/h4-13,17,25,28H,14-16H2,1-3H3/b11-8+",['investigational'],small molecule,['C08CA14']
DB01242,DB01242,Clomipramine,CN(C)CCCN1C2=CC=CC=C2CCC2=C1C=C(Cl)C=C2,"InChI=1S/C19H23ClN2/c1-21(2)12-5-13-22-18-7-4-3-6-15(18)8-9-16-10-11-17(20)14-19(16)22/h3-4,6-7,10-11,14H,5,8-9,12-13H2,1-2H3","['approved', 'investigational', 'vet_approved']",small molecule,['N06AA04']
DB01614,DB01614,Acepromazine,CN(C)CCCN1C2=CC=CC=C2SC2=C1C=C(C=C2)C(C)=O,"InChI=1S/C19H22N2OS/c1-14(22)15-9-10-19-17(13-15)21(12-6-11-20(2)3)16-7-4-5-8-18(16)23-19/h4-5,7-10,13H,6,11-12H2,1-3H3","['investigational', 'vet_approved']",small molecule,['N05AA04']
DB00530,DB00530,Erlotinib,COCCOC1=CC2=C(C=C1OCCOC)C(NC1=CC(=CC=C1)C#C)=NC=N2,"InChI=1S/C22H23N3O4/c1-4-16-6-5-7-17(12-16)25-22-18-13-20(28-10-8-26-2)21(29-11-9-27-3)14-19(18)23-15-24-22/h1,5-7,12-15H,8-11H2,2-3H3,(H,23,24,25)","['approved', 'investigational']",small molecule,['L01EB02']
DB14895,DB14895,Vibegron,[H][C@@]1(CC[C@@H](CC2=CC=C(NC(=O)[C@@H]3CCC4=NC=CC(=O)N34)C=C2)N1)[C@H](O)C1=CC=CC=C1,"InChI=1S/C26H28N4O3/c31-24-14-15-27-23-13-12-22(30(23)24)26(33)29-19-8-6-17(7-9-19)16-20-10-11-21(28-20)25(32)18-4-2-1-3-5-18/h1-9,14-15,20-22,25,28,32H,10-13,16H2,(H,29,33)/t20-,21+,22-,25+/m0/s1","['approved', 'investigational']",small molecule,['G04BD15']
DB05015,DB05015,Belinostat,ONC(=O)\C=C\C1=CC=CC(=C1)S(=O)(=O)NC1=CC=CC=C1,"InChI=1S/C15H14N2O4S/c18-15(16-19)10-9-12-5-4-8-14(11-12)22(20,21)17-13-6-2-1-3-7-13/h1-11,17,19H,(H,16,18)/b10-9+","['approved', 'investigational']",small molecule,['L01XH04']
DB09017,DB09017,Brotizolam,CC1=NN=C2CN=C(C3=C(SC(Br)=C3)N12)C1=CC=CC=C1Cl,"InChI=1S/C15H10BrClN4S/c1-8-19-20-13-7-18-14(9-4-2-3-5-11(9)17)10-6-12(16)22-15(10)21(8)13/h2-6H,7H2,1H3","['approved', 'withdrawn']",small molecule,['N05CD09']
DB01233,DB01233,Metoclopramide,CCN(CC)CCNC(=O)C1=CC(Cl)=C(N)C=C1OC,"InChI=1S/C14H22ClN3O2/c1-4-18(5-2)7-6-17-14(19)10-8-11(15)12(16)9-13(10)20-3/h8-9H,4-7,16H2,1-3H3,(H,17,19)","['approved', 'investigational']",small molecule,['A03FA01']
DB08930,DB08930,Dolutegravir,[H][C@]12CN3C=C(C(=O)NCC4=CC=C(F)C=C4F)C(=O)C(O)=C3C(=O)N1[C@H](C)CCO2,"InChI=1S/C20H19F2N3O5/c1-10-4-5-30-15-9-24-8-13(17(26)18(27)16(24)20(29)25(10)15)19(28)23-7-11-2-3-12(21)6-14(11)22/h2-3,6,8,10,15,27H,4-5,7,9H2,1H3,(H,23,28)/t10-,15+/m1/s1","['approved', 'investigational']",small molecule,"['J05AR29', 'J05AR27', 'J05AJ03', 'J05AR13', 'J05AR25', 'J05AR21']"
DB13780,DB13780,Aluminium clofibrate,[OH-].[Al+3].CC(C)(OC1=CC=C(Cl)C=C1)C([O-])=O.CC(C)(OC1=CC=C(Cl)C=C1)C([O-])=O,"InChI=1S/2C10H11ClO3.Al.H2O/c2*1-10(2,9(12)13)14-8-5-3-7(11)4-6-8;;/h2*3-6H,1-2H3,(H,12,13);;1H2/q;;+3;/p-3",['experimental'],small molecule,['C10AB03']
DB13985,DB13985,Lutetium Lu 177 dotatate,[177Lu+3].C[C@@H](O)[C@H](NC(=O)[C@@H]1CSSC[C@H](NC(=O)[C@@H](CC2=CC=CC=C2)NC(=O)CN2CCN(CC([O-])=O)CCN(CC([O-])=O)CCN(CC([O-])=O)CC2)C(=O)N[C@@H](CC2=CC=C(O)C=C2)C(=O)N[C@H](CC2=CNC3=C2C=CC=C3)C(=O)N[C@@H](CCCCN)C(=O)N[C@@H]([C@@H](C)O)C(=O)N1)C(O)=O,"InChI=1S/C65H90N14O19S2.Lu/c1-38(80)56-64(96)73-51(63(95)75-57(39(2)81)65(97)98)37-100-99-36-50(72-59(91)47(28-40-10-4-3-5-11-40)68-52(83)32-76-20-22-77(33-53(84)85)24-26-79(35-55(88)89)27-25-78(23-21-76)34-54(86)87)62(94)70-48(29-41-15-17-43(82)18-16-41)60(92)71-49(30-42-31-67-45-13-7-6-12-44(42)45)61(93)69-46(58(90)74-56)14-8-9-19-66;/h3-7,10-13,15-18,31,38-39,46-51,56-57,67,80-82H,8-9,14,19-30,32-37,66H2,1-2H3,(H,68,83)(H,69,93)(H,70,94)(H,71,92)(H,72,91)(H,73,96)(H,74,90)(H,75,95)(H,84,85)(H,86,87)(H,88,89)(H,97,98);/q;+3/p-3/t38-,39-,46+,47-,48+,49-,50+,51+,56+,57+;/m1./s1/i;1+2","['approved', 'investigational']",small molecule,['V10XX04']
DB01194,DB01194,Brinzolamide,CCN[C@H]1CN(CCCOC)S(=O)(=O)C2=C1C=C(S2)S(N)(=O)=O,"InChI=1S/C12H21N3O5S3/c1-3-14-10-8-15(5-4-6-20-2)23(18,19)12-9(10)7-11(21-12)22(13,16)17/h7,10,14H,3-6,8H2,1-2H3,(H2,13,16,17)/t10-/m0/s1","['approved', 'investigational']",small molecule,"['S01EC54', 'S01EC04', 'G01AE10']"
DB00959,DB00959,Methylprednisolone,[H][C@@]12CC[C@](O)(C(=O)CO)[C@@]1(C)C[C@H](O)[C@@]1([H])[C@@]2([H])C[C@H](C)C2=CC(=O)C=C[C@]12C,"InChI=1S/C22H30O5/c1-12-8-14-15-5-7-22(27,18(26)11-23)21(15,3)10-17(25)19(14)20(2)6-4-13(24)9-16(12)20/h4,6,9,12,14-15,17,19,23,25,27H,5,7-8,10-11H2,1-3H3/t12-,14-,15-,17-,19+,20-,21-,22-/m0/s1","['approved', 'investigational', 'vet_approved']",small molecule,"['D07AA01', 'D10AA02', 'H02AB04', 'H02BX01', 'D07CA02', 'S03CA07', 'S01CA08']"
DB06267,DB06267,Udenafil,CCCOC1=C(C=C(C=C1)S(=O)(=O)NCCC1CCCN1C)C1=NC(=O)C2=C(N1)C(CCC)=NN2C,"InChI=1S/C25H36N6O4S/c1-5-8-20-22-23(31(4)29-20)25(32)28-24(27-22)19-16-18(10-11-21(19)35-15-6-2)36(33,34)26-13-12-17-9-7-14-30(17)3/h10-11,16-17,26H,5-9,12-15H2,1-4H3,(H,27,28,32)",['approved'],small molecule,"['G04BE11', 'G01AE10']"
DB01110,DB01110,Miconazole,ClC1=CC(Cl)=C(COC(CN2C=CN=C2)C2=C(Cl)C=C(Cl)C=C2)C=C1,"InChI=1S/C18H14Cl4N2O/c19-13-2-1-12(16(21)7-13)10-25-18(9-24-6-5-23-11-24)15-4-3-14(20)8-17(15)22/h1-8,11,18H,9-10H2","['approved', 'vet_approved']",small molecule,"['A07AC01', 'J02AB01', 'D01AC52', 'G01AF20', 'A01AB09', 'D01AC02', 'S02AA13', 'G01AF04']"
DB11799,DB11799,Bictegravir,OC1=C2N(C[C@H]3O[C@@H]4CC[C@@H](C4)N3C2=O)C=C(C(=O)NCC2=C(F)C=C(F)C=C2F)C1=O,"InChI=1S/C21H18F3N3O5/c22-9-3-14(23)12(15(24)4-9)6-25-20(30)13-7-26-8-16-27(10-1-2-11(5-10)32-16)21(31)17(26)19(29)18(13)28/h3-4,7,10-11,16,29H,1-2,5-6,8H2,(H,25,30)/t10-,11+,16+/m0/s1","['approved', 'investigational']",small molecule,['J05AR20']
DB09211,DB09211,Limaprost,CCCC[C@H](C)C[C@H](O)\C=C\[C@H]1[C@H](O)CC(=O)[C@@H]1CCCC\C=C\C(O)=O,"InChI=1S/C22H36O5/c1-3-4-9-16(2)14-17(23)12-13-19-18(20(24)15-21(19)25)10-7-5-6-8-11-22(26)27/h8,11-13,16-19,21,23,25H,3-7,9-10,14-15H2,1-2H3,(H,26,27)/b11-8+,13-12+/t16-,17+,18+,19+,21+/m0/s1",['investigational'],small molecule,['B01AC28']
DB00610,DB00610,Metaraminol,C[C@H](N)[C@H](O)C1=CC(O)=CC=C1,"InChI=1S/C9H13NO2/c1-6(10)9(12)7-3-2-4-8(11)5-7/h2-6,9,11-12H,10H2,1H3/t6-,9-/m0/s1",['approved'],small molecule,['C01CA09']
DB05667,DB05667,Levoketoconazole,CC(=O)N1CCN(CC1)C1=CC=C(OC[C@@H]2CO[C@](CN3C=CN=C3)(O2)C2=CC=C(Cl)C=C2Cl)C=C1,"InChI=1S/C26H28Cl2N4O4/c1-19(33)31-10-12-32(13-11-31)21-3-5-22(6-4-21)34-15-23-16-35-26(36-23,17-30-9-8-29-18-30)24-7-2-20(27)14-25(24)28/h2-9,14,18,23H,10-13,15-17H2,1H3/t23-,26-/m1/s1",['approved'],small molecule,['H02CA04']
